Name,Monthly Salary
Employee 1,2331
Employee 2,4386
Employee 3,4501
Employee 4,3667
Employee 5,2063
Employee 6,1966
Employee 7,3238
Employee 8,3925
Employee 9,5033
Employee 10,3765
Employee 11,4884
Employee 12,2564
Employee 13,2560
Employee 14,2925
Employee 15,3933
Employee 16,5165
Employee 17,2357
Employee 18,4227
Employee 19,4432
Employee 20,2252
Employee 21,2838
Employee 22,4064
Employee 23,2684
Employee 24,5411
Employee 25,4751
Employee 26,3237
Employee 27,4726
Employee 28,1836
Employee 29,2751
Employee 30,4126
Employee 31,4876
Employee 32,2766
Employee 33,3715
Employee 34,4194
Employee 35,3609
Employee 36,4001
Employee 37,4581
Employee 38,4132
Employee 39,4051
Employee 40,5414
Employee 41,3795
Employee 42,2706
Employee 43,1824
Employee 44,2175
Employee 45,4735
Employee 46,3248
Employee 47,2124
Employee 48,4997
Employee 49,2286
Employee 50,3625
Employee 51,2830
Employee 52,2660
Employee 53,5345
Employee 54,4352
Employee 55,2200
Employee 56,5241
Employee 57,4733
Employee 58,3726
Employee 59,2743
Employee 60,3935
Employee 61,2833
Employee 62,5060
Employee 63,2401
Employee 64,2435
Employee 65,4367
Employee 66,4178
Employee 67,5312
Employee 68,4511
Employee 69,4360
Employee 70,4529
Employee 71,3885
Employee 72,1941
Employee 73,3119
Employee 74,3146
Employee 75,3011
Employee 76,3701
Employee 77,4297
Employee 78,2275
Employee 79,1864
Employee 80,2610
Employee 81,2943
Employee 82,3964
Employee 83,2918
Employee 84,3207
Employee 85,3898
Employee 86,2350
Employee 87,5113
Employee 88,2371
Employee 89,4155
Employee 90,3636
Employee 91,2630
Employee 92,3135
Employee 93,2173
Employee 94,3682
Employee 95,5484
Employee 96,5253
Employee 97,3810
Employee 98,5462
Employee 99,3256
Employee 100,5244
Employee 101,4650
Employee 102,4525
Employee 103,4806
Employee 104,4512
Employee 105,5369
Employee 106,2729
Employee 107,3820
Employee 108,3974
Employee 109,5484
Employee 110,4179
Employee 111,3127
Employee 112,2988
Employee 113,2463
Employee 114,4994
Employee 115,2260
Employee 116,3254
Employee 117,4101
Employee 118,2808
Employee 119,3094
Employee 120,4754
Employee 121,2464
Employee 122,3472
Employee 123,3667
Employee 124,3511
Employee 125,4235
Employee 126,5404
Employee 127,1942
Employee 128,2939
Employee 129,1921
Employee 130,1984
Employee 131,2138
Employee 132,1886
Employee 133,4882
Employee 134,3651
Employee 135,2532
Employee 136,4310
Employee 137,2920
Employee 138,4296
Employee 139,3298
Employee 140,2920
Employee 141,3636
Employee 142,2103
Employee 143,4106
Employee 144,3647
Employee 145,4186
Employee 146,2081
Employee 147,5177
Employee 148,4356
Employee 149,3864
Employee 150,3032
Employee 151,4438
Employee 152,1874
Employee 153,4879
Employee 154,3313
Employee 155,4967
Employee 156,2573
Employee 157,2113
Employee 158,5441
Employee 159,3951
Employee 160,2590
Employee 161,4332
Employee 162,3318
Employee 163,3429
Employee 164,5161
Employee 165,3190
Employee 166,4450
Employee 167,3439
Employee 168,4199
Employee 169,5464
Employee 170,2472
Employee 171,4123
Employee 172,4165
Employee 173,2882
Employee 174,4272
Employee 175,5000
Employee 176,3215
Employee 177,3208
Employee 178,3327
Employee 179,2691
Employee 180,4574
Employee 181,2784
Employee 182,2638
Employee 183,5292
Employee 184,4872
Employee 185,4190
Employee 186,2880
Employee 187,1832
Employee 188,4615
Employee 189,2134
Employee 190,3361
Employee 191,3234
Employee 192,5035
Employee 193,4452
Employee 194,2814
Employee 195,2794
Employee 196,5458
Employee 197,4665
Employee 198,2860
Employee 199,2916
Employee 200,3043
Employee 201,2536
Employee 202,3227
Employee 203,3122
Employee 204,4380
Employee 205,5114
Employee 206,2563
Employee 207,2162
Employee 208,3798
Employee 209,4499
Employee 210,5236
Employee 211,5309
Employee 212,3729
Employee 213,4622
Employee 214,2462
Employee 215,2313
Employee 216,5493
Employee 217,2371
Employee 218,3738
Employee 219,2481
Employee 220,2785
Employee 221,2757
Employee 222,3442
Employee 223,3945
Employee 224,2141
Employee 225,2530
Employee 226,2543
Employee 227,3281
Employee 228,3926
Employee 229,4042
Employee 230,4290
Employee 231,1905
Employee 232,4321
Employee 233,4944
Employee 234,4517
Employee 235,2626
Employee 236,2065
Employee 237,5304
Employee 238,2118
Employee 239,3110
Employee 240,1878
Employee 241,3551
Employee 242,4825
Employee 243,4894
Employee 244,3321
Employee 245,4532
Employee 246,3139
Employee 247,4285
Employee 248,2222
Employee 249,5099
Employee 250,3074
Employee 251,2907
Employee 252,2548
Employee 253,3346
Employee 254,5047
Employee 255,2448
Employee 256,1819
Employee 257,2024
Employee 258,3517
Employee 259,5033
Employee 260,2409
Employee 261,3050
Employee 262,5247
Employee 263,3747
Employee 264,1812
Employee 265,3644
Employee 266,5390
Employee 267,3106
Employee 268,2602
Employee 269,3564
Employee 270,3869
Employee 271,3160
Employee 272,3725
Employee 273,4731
Employee 274,2140
Employee 275,4274
Employee 276,2824
Employee 277,3530
Employee 278,4193
Employee 279,4756
Employee 280,1845
Employee 281,5007
Employee 282,3782
Employee 283,4290
Employee 284,3300
Employee 285,3280
Employee 286,4714
Employee 287,4166
Employee 288,2173
Employee 289,4935
Employee 290,4721
Employee 291,4994
Employee 292,2471
Employee 293,3923
Employee 294,4089
Employee 295,2641
Employee 296,5251
Employee 297,2436
Employee 298,4689
Employee 299,5191
Employee 300,4371
Employee 301,2751
Employee 302,3121
Employee 303,3236
Employee 304,5241
Employee 305,1889
Employee 306,2160
Employee 307,4107
Employee 308,2841
Employee 309,3126
Employee 310,1918
Employee 311,3550
Employee 312,4897
Employee 313,2601
Employee 314,3741
Employee 315,5286
Employee 316,1976
Employee 317,2291
Employee 318,1819
Employee 319,3437
Employee 320,4378
Employee 321,2741
Employee 322,2844
Employee 323,2523
Employee 324,3976
Employee 325,2530
Employee 326,4065
Employee 327,5276
Employee 328,4046
Employee 329,4366
Employee 330,5080
Employee 331,4786
Employee 332,4301
Employee 333,2147
Employee 334,3501
Employee 335,4149
Employee 336,3991
Employee 337,4629
Employee 338,5066
Employee 339,3242
Employee 340,2154
Employee 341,2774
Employee 342,5133
Employee 343,3148
Employee 344,4165
Employee 345,4025
Employee 346,2296
Employee 347,5238
Employee 348,3058
Employee 349,2947
Employee 350,3783
Employee 351,1829
Employee 352,2641
Employee 353,5306
Employee 354,3393
Employee 355,2996
Employee 356,2823
Employee 357,2849
Employee 358,5129
Employee 359,4557
Employee 360,4033
Employee 361,2843
Employee 362,4021
Employee 363,4642
Employee 364,2090
Employee 365,4340
Employee 366,5416
Employee 367,2853
Employee 368,2793
Employee 369,3629
Employee 370,3984
Employee 371,4708
Employee 372,2762
Employee 373,2485
Employee 374,4547
Employee 375,2033
Employee 376,2061
Employee 377,5397
Employee 378,1822
Employee 379,4290
Employee 380,4249
Employee 381,3026
Employee 382,2281
Employee 383,3573
Employee 384,2708
Employee 385,5063
Employee 386,1889
Employee 387,2195
Employee 388,4619
Employee 389,3932
Employee 390,3431
Employee 391,2885
Employee 392,2194
Employee 393,3686
Employee 394,5045
Employee 395,3625
Employee 396,4337
Employee 397,1983
Employee 398,3927
Employee 399,3484
Employee 400,2523
Employee 401,5346
Employee 402,5062
Employee 403,4263
Employee 404,2398
Employee 405,5340
Employee 406,3074
Employee 407,2785
Employee 408,4557
Employee 409,1972
Employee 410,5107
Employee 411,2880
Employee 412,4033
Employee 413,4322
Employee 414,4375
Employee 415,4897
Employee 416,3139
Employee 417,2839
Employee 418,3323
Employee 419,3244
Employee 420,3823
Employee 421,4541
Employee 422,2821
Employee 423,2136
Employee 424,4667
Employee 425,2207
Employee 426,4726
Employee 427,1849
Employee 428,3545
Employee 429,4476
Employee 430,3034
Employee 431,4693
Employee 432,3557
Employee 433,2879
Employee 434,2240
Employee 435,2804
Employee 436,2132
Employee 437,2642
Employee 438,1887
Employee 439,1974
Employee 440,3537
Employee 441,3853
Employee 442,4443
Employee 443,5238
Employee 444,3527
Employee 445,2516
Employee 446,2147
Employee 447,2367
Employee 448,1863
Employee 449,2327
Employee 450,1816
Employee 451,5411
Employee 452,3949
Employee 453,4052
Employee 454,2536
Employee 455,4387
Employee 456,4377
Employee 457,5431
Employee 458,2192
Employee 459,2102
Employee 460,4569
Employee 461,5422
Employee 462,3146
Employee 463,4011
Employee 464,2057
Employee 465,4021
Employee 466,3392
Employee 467,2744
Employee 468,4319
Employee 469,1962
Employee 470,2938
Employee 471,2213
Employee 472,2062
Employee 473,3494
Employee 474,5261
Employee 475,4554
Employee 476,4531
Employee 477,4986
Employee 478,3770
Employee 479,3673
Employee 480,3455
Employee 481,2170
Employee 482,2642
Employee 483,5306
Employee 484,5015
Employee 485,3225
Employee 486,4088
Employee 487,3645
Employee 488,2505
Employee 489,3660
Employee 490,5263
Employee 491,2459
Employee 492,2225
Employee 493,4162
Employee 494,2309
Employee 495,2440
Employee 496,4028
Employee 497,3044
Employee 498,5298
Employee 499,3543
Employee 500,3009
Employee 501,2277
Employee 502,4217
Employee 503,4417
Employee 504,1801
Employee 505,3077
Employee 506,4681
Employee 507,3347
Employee 508,3371
Employee 509,5051
Employee 510,3422
Employee 511,5362
Employee 512,5469
Employee 513,5125
Employee 514,5250
Employee 515,4388
Employee 516,4361
Employee 517,1941
Employee 518,5463
Employee 519,4718
Employee 520,5034
Employee 521,4859
Employee 522,4680
Employee 523,3723
Employee 524,3770
Employee 525,3588
Employee 526,3876
Employee 527,3135
Employee 528,3330
Employee 529,5121
Employee 530,4410
Employee 531,2776
Employee 532,5307
Employee 533,1894
Employee 534,4615
Employee 535,3433
Employee 536,2011
Employee 537,5290
Employee 538,3247
Employee 539,3278
Employee 540,2379
Employee 541,2407
Employee 542,3770
Employee 543,2467
Employee 544,4453
Employee 545,1823
Employee 546,3363
Employee 547,5332
Employee 548,3804
Employee 549,1837
Employee 550,3429
Employee 551,3322
Employee 552,2566
Employee 553,2610
Employee 554,2699
Employee 555,2993
Employee 556,3069
Employee 557,2553
Employee 558,2602
Employee 559,2620
Employee 560,3321
Employee 561,3064
Employee 562,3285
Employee 563,2950
Employee 564,2730
Employee 565,3270
Employee 566,2685
Employee 567,2550
Employee 568,3318
Employee 569,2828
Employee 570,3427
Employee 571,3272
Employee 572,3188
Employee 573,2845
Employee 574,2934
Employee 575,2744
Employee 576,3266
Employee 577,3476
Employee 578,3020
Employee 579,2985
Employee 580,3388
Employee 581,3247
Employee 582,2698
Employee 583,2917
Employee 584,2671
Employee 585,2929
Employee 586,3409
Employee 587,3001
Employee 588,2876
Employee 589,2782
Employee 590,3077
Employee 591,3300
Employee 592,3086
Employee 593,2712
Employee 594,2780
Employee 595,3371
Employee 596,2576
Employee 597,3164
Employee 598,2704
Employee 599,3292
Employee 600,2704
Employee 601,2801
Employee 602,3058
Employee 603,2853
Employee 604,3374
Employee 605,2997
Employee 606,2718
Employee 607,2965
Employee 608,3061
Employee 609,3408
Employee 610,2914
Employee 611,3478
Employee 612,2548
Employee 613,2988
Employee 614,3103
Employee 615,2858
Employee 616,2500
Employee 617,2845
Employee 618,3111
Employee 619,3323
Employee 620,2916
Employee 621,3171
Employee 622,3292
Employee 623,3407
Employee 624,3080
Employee 625,3328
Employee 626,2767
Employee 627,2652
Employee 628,3038
Employee 629,3496
Employee 630,2802
Employee 631,3129
Employee 632,3013
Employee 633,3366
Employee 634,2682
Employee 635,3431
Employee 636,3446
Employee 637,2524
Employee 638,2739
Employee 639,2622
Employee 640,3313
Employee 641,2653
Employee 642,3284
Employee 643,2967
Employee 644,2786
Employee 645,3071
Employee 646,2910
Employee 647,3102
Employee 648,2722
Employee 649,3067
Employee 650,2578
Employee 651,2934
Employee 652,2977
Employee 653,2763
Employee 654,2974
Employee 655,2760
Employee 656,2536
Employee 657,3306
Employee 658,2617
Employee 659,3192
Employee 660,3339
Employee 661,3006
Employee 662,2892
Employee 663,2760
Employee 664,2631
Employee 665,3421
Employee 666,3486
Employee 667,2530
Employee 668,2918
Employee 669,3011
Employee 670,3395
Employee 671,3428
Employee 672,2758
Employee 673,3145
Employee 674,3324
Employee 675,3490
Employee 676,3221
Employee 677,2694
Employee 678,2884
Employee 679,2751
Employee 680,3087
Employee 681,2699
Employee 682,3298
Employee 683,3134
Employee 684,2759
Employee 685,2772
Employee 686,3016
Employee 687,3076
Employee 688,3249
Employee 689,2541
Employee 690,2575
Employee 691,2970
Employee 692,3396
Employee 693,3244
Employee 694,2573
Employee 695,3128
Employee 696,2739
Employee 697,3050
Employee 698,3019
Employee 699,3015
Employee 700,3158
Employee 701,2692
Employee 702,2616
Employee 703,2795
Employee 704,2562
Employee 705,2722
Employee 706,3359
Employee 707,2559
Employee 708,2914
Employee 709,2802
Employee 710,2826
Employee 711,3331
Employee 712,3367
Employee 713,2763
Employee 714,2676
Employee 715,2623
Employee 716,3490
Employee 717,2531
Employee 718,3047
Employee 719,3475
Employee 720,3213
Employee 721,2638
Employee 722,3479
Employee 723,2970
Employee 724,2721
Employee 725,3043
Employee 726,3214
Employee 727,2657
Employee 728,2709
Employee 729,2909
Employee 730,2637
Employee 731,2664
Employee 732,3171
Employee 733,3042
Employee 734,2916
Employee 735,2809
Employee 736,2521
Employee 737,3358
Employee 738,2821
Employee 739,3453
Employee 740,3289
Employee 741,3140
Employee 742,3476
Employee 743,3226
Employee 744,3414
Employee 745,3177
Employee 746,2973
Employee 747,2563
Employee 748,2740
Employee 749,2711
Employee 750,3238
Employee 751,3177
Employee 752,3479
Employee 753,2624
Employee 754,3405
Employee 755,2744
Employee 756,3037
Employee 757,2846
Employee 758,2606
Employee 759,2534
Employee 760,3128
Employee 761,3303
Employee 762,2882
Employee 763,3453
Employee 764,2832
Employee 765,3267
Employee 766,2527
Employee 767,3341
Employee 768,2903
Employee 769,3459
Employee 770,3002
Employee 771,2813
Employee 772,3465
Employee 773,2502
Employee 774,2512
Employee 775,2791
Employee 776,2546
Employee 777,2769
Employee 778,3358
Employee 779,2679
Employee 780,3061
Employee 781,2507
Employee 782,2627
Employee 783,3176
Employee 784,3096
Employee 785,3432
Employee 786,2941
Employee 787,2973
Employee 788,2540
Employee 789,3281
Employee 790,2976
Employee 791,2690
Employee 792,2530
Employee 793,2530
Employee 794,3085
Employee 795,3073
Employee 796,2969
Employee 797,3474
Employee 798,2949
Employee 799,3201
Employee 800,3415
Employee 801,2702
Employee 802,2788
Employee 803,2761
Employee 804,2857
Employee 805,2513
Employee 806,3263
Employee 807,3285
Employee 808,2865
Employee 809,3048
Employee 810,3283
Employee 811,2769
Employee 812,3441
Employee 813,3366
Employee 814,3412
Employee 815,3203
Employee 816,2553
Employee 817,3043
Employee 818,3201
Employee 819,3321
Employee 820,3311
Employee 821,3392
Employee 822,3206
Employee 823,3136
Employee 824,3233
Employee 825,3161
Employee 826,3233
Employee 827,2790
Employee 828,3047
Employee 829,2855
Employee 830,2716
Employee 831,3295
Employee 832,3380
Employee 833,3480
Employee 834,3446
Employee 835,2798
Employee 836,3071
Employee 837,3275
Employee 838,3060
Employee 839,2583
Employee 840,3024
Employee 841,2944
Employee 842,3269
Employee 843,2922
Employee 844,3256
Employee 845,2791
Employee 846,2763
Employee 847,3203
Employee 848,3384
Employee 849,2622
Employee 850,2551
Employee 851,2537
Employee 852,3306
Employee 853,2767
Employee 854,2944
Employee 855,2571
Employee 856,3385
Employee 857,2572
Employee 858,2501
Employee 859,3258
Employee 860,2716
Employee 861,3451
Employee 862,2919
Employee 863,2545
Employee 864,3380
Employee 865,2688
Employee 866,2948
Employee 867,2618
Employee 868,2595
Employee 869,2651
Employee 870,2715
Employee 871,2969
Employee 872,3036
Employee 873,2741
Employee 874,3283
Employee 875,2888
Employee 876,3157
Employee 877,3110
Employee 878,2586
Employee 879,2981
Employee 880,3420
Employee 881,2653
Employee 882,2958
Employee 883,2581
Employee 884,2646
Employee 885,3449
Employee 886,2701
Employee 887,3450
Employee 888,2505
Employee 889,3284
Employee 890,3382
Employee 891,3258
Employee 892,3372
Employee 893,2573
Employee 894,2528
Employee 895,2930
Employee 896,3028
Employee 897,3050
Employee 898,2700
Employee 899,2987
Employee 900,3257
Employee 901,3128
Employee 902,2558
Employee 903,2863
Employee 904,3149
Employee 905,3054
Employee 906,2608
Employee 907,2761
Employee 908,3481
Employee 909,2520
Employee 910,3124
Employee 911,2912
Employee 912,2542
Employee 913,3155
Employee 914,3287
Employee 915,2816
Employee 916,2863
Employee 917,3360
Employee 918,3187
Employee 919,3442
Employee 920,3454
Employee 921,3419
Employee 922,2637
Employee 923,3407
Employee 924,3459
Employee 925,2877
Employee 926,3425
Employee 927,3227
Employee 928,3497
Employee 929,3101
Employee 930,2707
Employee 931,2519
Employee 932,2598
Employee 933,2540
Employee 934,3079
Employee 935,2509
Employee 936,3082
Employee 937,3051
Employee 938,3430
Employee 939,3327
Employee 940,3114
Employee 941,3252
Employee 942,3449
Employee 943,3360
Employee 944,3373
Employee 945,2781
Employee 946,2711
Employee 947,3279
Employee 948,2572
Employee 949,3029
Employee 950,3074
Employee 951,3308
Employee 952,3416
Employee 953,2632
Employee 954,3171
Employee 955,3299
Employee 956,2997
Employee 957,3154
Employee 958,2636
Employee 959,3116
Employee 960,3429
Employee 961,3430
Employee 962,2832
Employee 963,2872
Employee 964,2730
Employee 965,2954
Employee 966,2651
Employee 967,2757
Employee 968,3418
Employee 969,3367
Employee 970,2588
Employee 971,2962
Employee 972,3407
Employee 973,3367
Employee 974,3135
Employee 975,2711
Employee 976,2547
Employee 977,3474
Employee 978,2840
Employee 979,2590
Employee 980,3337
Employee 981,2680
Employee 982,2727
Employee 983,2951
Employee 984,2951
Employee 985,3394
Employee 986,3183
Employee 987,3054
Employee 988,3073
Employee 989,3157
Employee 990,3183
Employee 991,3250
Employee 992,3048
Employee 993,3304
Employee 994,2647
Employee 995,3241
Employee 996,3454
Employee 997,3254
Employee 998,2795
Employee 999,3336
